<?xml version="1.0" encoding="utf-8" ?>
<dwsync>
<file name="testo-01.jpg" server="ftp.populerdunya.com/bookcard/" local="130035384345243747" remote="130035176400000000" Dst="1" />
<file name="testo-02.jpg" server="ftp.populerdunya.com/bookcard/" local="130035384297581020" remote="130035176400000000" Dst="1" />
<file name="testo-03.jpg" server="ftp.populerdunya.com/bookcard/" local="130035394368187026" remote="130035176400000000" Dst="1" />
<file name="testo-01.jpg" server="ftp.populerdunya.com/newcard/" local="130347012966689047" remote="130355505600000000" Dst="1" />
<file name="testo-02.jpg" server="ftp.populerdunya.com/newcard/" local="130347019341303654" remote="130355505600000000" Dst="1" />
<file name="testo-03.jpg" server="ftp.populerdunya.com/newcard/" local="130347018268982321" remote="130355505600000000" Dst="1" />
<file name="author-1.jpg" server="ftp.populerdunya.com/newcard/" local="130312723333802665" remote="130313818200000000" Dst="1" />
<file name="author-1.jpg" server="ftp.populerdunya.com/vector/" local="130312723330000000" remote="130776918600000000" Dst="2" />
<file name="avatar.jpg" server="ftp.populerdunya.com/vector/" local="130779114604630804" remote="130779393600000000" Dst="2" />
<file name="testo-01.jpg" server="ftp.populerdunya.com/vector/" local="130759928270000000" remote="130776021600000000" Dst="2" />
<file name="testo-02.jpg" server="ftp.populerdunya.com/vector/" local="130759927490000000" remote="130776021600000000" Dst="2" />
<file name="testo-03.jpg" server="ftp.populerdunya.com/vector/" local="130759926770000000" remote="130776022200000000" Dst="2" />
<file name="icon-01.png" server="ftp.populerdunya.com/vector/" local="130668265260000000" remote="130776021600000000" Dst="2" />
<file name="marker.png" server="ftp.populerdunya.com/vector/" local="130753176840000000" remote="130776021600000000" Dst="2" />
<file name="avatar.jpg" server="ftp.populerdunya.com/empathy-html/" local="130807070290000000" remote="130942955400000000" Dst="1" />
<file name="author-1.jpg" server="ftp.populerdunya.com/vcard-01/" local="130312723330000000" remote="131014852200000000" Dst="1" />
<file name="avatar.jpg" server="ftp.populerdunya.com/vcard-01/" local="131043368920000000" remote="131057983200000000" Dst="2" />
<file name="icon-01.png" server="ftp.populerdunya.com/vcard-01/" local="130668301260000000" remote="131057983200000000" Dst="2" />
<file name="marker.png" server="ftp.populerdunya.com/vcard-01/" local="131043385410000000" remote="131057983200000000" Dst="2" />
<file name="testo-01.jpg" server="ftp.populerdunya.com/vcard-01/" local="131043362200000000" remote="131057983200000000" Dst="2" />
<file name="testo-02.jpg" server="ftp.populerdunya.com/vcard-01/" local="131043364470000000" remote="131057983200000000" Dst="2" />
<file name="testo-03.jpg" server="ftp.populerdunya.com/vcard-01/" local="131043371580000000" remote="131057983200000000" Dst="2" />
<file name="author-1.jpg" server="ftp.populerdunya.com/uncover-html/" local="130312723330000000" remote="131472574800000000" Dst="0" />
<file name="avatar.jpg" server="ftp.populerdunya.com/uncover-html/" local="131043368920000000" remote="131472574800000000" Dst="0" />
<file name="camera.svg" server="ftp.populerdunya.com/uncover-html/" local="130937962960000000" remote="131472574800000000" Dst="0" />
<file name="client-01.png" server="ftp.populerdunya.com/uncover-html/" local="131455639298624059" remote="131472574800000000" Dst="0" />
<file name="client-01.svg" server="ftp.populerdunya.com/uncover-html/" local="131455641523504541" remote="131472574800000000" Dst="0" />
<file name="client-01a.svg" server="ftp.populerdunya.com/uncover-html/" local="131455637485453618" remote="131472574800000000" Dst="0" />
<file name="client-02.png" server="ftp.populerdunya.com/uncover-html/" local="131455642239438400" remote="131472574800000000" Dst="0" />
<file name="client-02.svg" server="ftp.populerdunya.com/uncover-html/" local="131455637891094338" remote="131472574800000000" Dst="0" />
<file name="client-03.png" server="ftp.populerdunya.com/uncover-html/" local="131455644380599281" remote="131472574800000000" Dst="0" />
<file name="client-03.svg" server="ftp.populerdunya.com/uncover-html/" local="131455638256409111" remote="131472574800000000" Dst="0" />
<file name="client-04.svg" server="ftp.populerdunya.com/uncover-html/" local="131455628946034681" remote="131472574800000000" Dst="0" />
<file name="client-05.svg" server="ftp.populerdunya.com/uncover-html/" local="131455604661641210" remote="131472574800000000" Dst="0" />
<file name="client-06.svg" server="ftp.populerdunya.com/uncover-html/" local="131431333655555003" remote="131472574800000000" Dst="0" />
<file name="client-07.svg" server="ftp.populerdunya.com/uncover-html/" local="131431334150456958" remote="131472574800000000" Dst="0" />
<file name="client-08.svg" server="ftp.populerdunya.com/uncover-html/" local="131431334869251918" remote="131472574800000000" Dst="0" />
<file name="fun-01.svg" server="ftp.populerdunya.com/uncover-html/" local="131382202580000000" remote="131472574800000000" Dst="0" />
<file name="fun-02.svg" server="ftp.populerdunya.com/uncover-html/" local="131382208210000000" remote="131472574800000000" Dst="0" />
<file name="fun-03.svg" server="ftp.populerdunya.com/uncover-html/" local="131382205460000000" remote="131472574800000000" Dst="0" />
<file name="fun-04.svg" server="ftp.populerdunya.com/uncover-html/" local="131455595121239406" remote="131472574800000000" Dst="0" />
<file name="icon-01.png" server="ftp.populerdunya.com/uncover-html/" local="130937962740000000" remote="131472574800000000" Dst="0" />
<file name="icon-check.svg" server="ftp.populerdunya.com/uncover-html/" local="131432727218070712" remote="131472574800000000" Dst="0" />
<file name="icon-location.svg" server="ftp.populerdunya.com/uncover-html/" local="131431360378739978" remote="131472574800000000" Dst="0" />
<file name="icon-mail.svg" server="ftp.populerdunya.com/uncover-html/" local="130293364980000000" remote="131472574800000000" Dst="0" />
<file name="icon-phone.svg" server="ftp.populerdunya.com/uncover-html/" local="130293343320000000" remote="131472574800000000" Dst="0" />
<file name="laptop.svg" server="ftp.populerdunya.com/uncover-html/" local="130937962720000000" remote="131472574800000000" Dst="0" />
<file name="lightbulb_idea.svg" server="ftp.populerdunya.com/uncover-html/" local="130937962700000000" remote="131472574800000000" Dst="0" />
<file name="marker.png" server="ftp.populerdunya.com/uncover-html/" local="131043385410000000" remote="131472574800000000" Dst="0" />
<file name="pencil_tip.svg" server="ftp.populerdunya.com/uncover-html/" local="130937962640000000" remote="131472574800000000" Dst="0" />
<file name="process-01.svg" server="ftp.populerdunya.com/uncover-html/" local="131351379260000000" remote="131472575400000000" Dst="0" />
<file name="process-02.svg" server="ftp.populerdunya.com/uncover-html/" local="131351375340000000" remote="131472575400000000" Dst="0" />
<file name="process-03.svg" server="ftp.populerdunya.com/uncover-html/" local="131351374880000000" remote="131472575400000000" Dst="0" />
<file name="process-04.svg" server="ftp.populerdunya.com/uncover-html/" local="131351376160000000" remote="131472575400000000" Dst="0" />
<file name="process-04s.svg" server="ftp.populerdunya.com/uncover-html/" local="131365429780000000" remote="131472575400000000" Dst="0" />
<file name="process-05.svg" server="ftp.populerdunya.com/uncover-html/" local="131351374580000000" remote="131472575400000000" Dst="0" />
<file name="process-06.svg" server="ftp.populerdunya.com/uncover-html/" local="131351378340000000" remote="131472575400000000" Dst="0" />
<file name="testo-01.jpg" server="ftp.populerdunya.com/uncover-html/" local="131043362200000000" remote="131472575400000000" Dst="0" />
<file name="testo-02.jpg" server="ftp.populerdunya.com/uncover-html/" local="131043364470000000" remote="131472575400000000" Dst="0" />
<file name="testo-03.jpg" server="ftp.populerdunya.com/uncover-html/" local="130951920480000000" remote="131472575400000000" Dst="0" />
<file name="testo-04.jpg" server="ftp.populerdunya.com/uncover-html/" local="131223013600000000" remote="131472575400000000" Dst="0" />
</dwsync>