<?xml version="1.0" encoding="utf-8" ?>
<dwsync>
<file name="01.jpg" server="ftp.populerdunya.com/vector/" local="130752282410000000" remote="130776018000000000" Dst="2" />
<file name="02.jpg" server="ftp.populerdunya.com/vector/" local="130750678580000000" remote="130776018000000000" Dst="2" />
<file name="03.jpg" server="ftp.populerdunya.com/vector/" local="130749881770000000" remote="130776018000000000" Dst="2" />
<file name="04.jpg" server="ftp.populerdunya.com/vector/" local="130750397690000000" remote="130776018000000000" Dst="2" />
<file name="05.jpg" server="ftp.populerdunya.com/vector/" local="130767917160000000" remote="130776018000000000" Dst="2" />
<file name="06.jpg" server="ftp.populerdunya.com/vector/" local="130750399760000000" remote="130776018000000000" Dst="2" />
<file name="07.jpg" server="ftp.populerdunya.com/vector/" local="130750401180000000" remote="130776018000000000" Dst="2" />
<file name="08.jpg" server="ftp.populerdunya.com/vector/" local="130748490030000000" remote="130776018000000000" Dst="2" />
<file name="09.jpg" server="ftp.populerdunya.com/vector/" local="130750400720000000" remote="130776018000000000" Dst="2" />
<file name="10.jpg" server="ftp.populerdunya.com/vector/" local="130750401880000000" remote="130776018000000000" Dst="2" />
<file name="11.jpg" server="ftp.populerdunya.com/vector/" local="130748490020000000" remote="130776018600000000" Dst="2" />
<file name="slide-01-big.jpg" server="ftp.populerdunya.com/vector/" local="130750411670000000" remote="130776018600000000" Dst="2" />
<file name="slide-01.jpg" server="ftp.populerdunya.com/vector/" local="130749615150000000" remote="130776018600000000" Dst="2" />
<file name="slide-02-big.jpg" server="ftp.populerdunya.com/vector/" local="130749822520000000" remote="130776018600000000" Dst="2" />
<file name="slide-02.jpg" server="ftp.populerdunya.com/vector/" local="130749613220000000" remote="130776018600000000" Dst="2" />
<file name="slide-03-big.jpg" server="ftp.populerdunya.com/vector/" local="130749822870000000" remote="130776018600000000" Dst="2" />
<file name="slide-03.jpg" server="ftp.populerdunya.com/vector/" local="130749613810000000" remote="130776018600000000" Dst="2" />
<file name="01.jpg" server="ftp.populerdunya.com/empathy-html/" local="130821761436379816" remote="130942954800000000" Dst="1" />
<file name="01.jpg" server="ftp.populerdunya.com/vcard-01/" local="131044139380000000" remote="131057982000000000" Dst="2" />
<file name="02.jpg" server="ftp.populerdunya.com/vcard-01/" local="131044958960000000" remote="131057982000000000" Dst="2" />
<file name="03.jpg" server="ftp.populerdunya.com/vcard-01/" local="131044972880000000" remote="131057982000000000" Dst="2" />
<file name="04.jpg" server="ftp.populerdunya.com/vcard-01/" local="131044960460000000" remote="131057982000000000" Dst="2" />
<file name="05.jpg" server="ftp.populerdunya.com/vcard-01/" local="131045019330000000" remote="131057982000000000" Dst="2" />
<file name="06.jpg" server="ftp.populerdunya.com/vcard-01/" local="131044982760000000" remote="131057982600000000" Dst="2" />
<file name="07.jpg" server="ftp.populerdunya.com/vcard-01/" local="131044968410000000" remote="131057982600000000" Dst="2" />
<file name="08.jpg" server="ftp.populerdunya.com/vcard-01/" local="131044970060000000" remote="131057982600000000" Dst="2" />
<file name="09.jpg" server="ftp.populerdunya.com/vcard-01/" local="131044975290000000" remote="131057982600000000" Dst="2" />
<file name="10.jpg" server="ftp.populerdunya.com/vcard-01/" local="130750401880000000" remote="131014849800000000" Dst="1" />
<file name="11.jpg" server="ftp.populerdunya.com/vcard-01/" local="131044088760000000" remote="131057982600000000" Dst="2" />
<file name="slide-01-big.jpg" server="ftp.populerdunya.com/vcard-01/" local="131045027810000000" remote="131057982600000000" Dst="2" />
<file name="slide-01.jpg" server="ftp.populerdunya.com/vcard-01/" local="131045026860000000" remote="131057982600000000" Dst="2" />
<file name="slide-02-big.jpg" server="ftp.populerdunya.com/vcard-01/" local="130749822520000000" remote="131014850400000000" Dst="1" />
<file name="slide-02.jpg" server="ftp.populerdunya.com/vcard-01/" local="130749613220000000" remote="131014850400000000" Dst="1" />
<file name="slide-03-big.jpg" server="ftp.populerdunya.com/vcard-01/" local="130749822870000000" remote="131014850400000000" Dst="1" />
<file name="slide-03.jpg" server="ftp.populerdunya.com/vcard-01/" local="130749613810000000" remote="131014850400000000" Dst="1" />
<file name="banner.jpg" server="ftp.populerdunya.com/vcard-01/" local="130947030600000000" remote="131026063200000000" Dst="1" />
<file name="p1.jpg" server="ftp.populerdunya.com/vcard-01/" local="130947007330000000" remote="131026063200000000" Dst="1" />
<file name="p2.jpg" server="ftp.populerdunya.com/vcard-01/" local="130947000390000000" remote="131026063200000000" Dst="1" />
<file name="p3.jpg" server="ftp.populerdunya.com/vcard-01/" local="130947007850000000" remote="131026063200000000" Dst="1" />
<file name="p4.jpg" server="ftp.populerdunya.com/vcard-01/" local="130947008150000000" remote="131026063200000000" Dst="1" />
<file name="p5.jpg" server="ftp.populerdunya.com/vcard-01/" local="130894765400000000" remote="131026063200000000" Dst="1" />
<file name="01.jpg" server="ftp.populerdunya.com/uncover-html/" local="131044088760000000" remote="131472572400000000" Dst="0" />
<file name="02.jpg" server="ftp.populerdunya.com/uncover-html/" local="131044958960000000" remote="131472573000000000" Dst="0" />
<file name="03.jpg" server="ftp.populerdunya.com/uncover-html/" local="131044972880000000" remote="131472573000000000" Dst="0" />
<file name="04.jpg" server="ftp.populerdunya.com/uncover-html/" local="131044960460000000" remote="131472573000000000" Dst="0" />
<file name="05.jpg" server="ftp.populerdunya.com/uncover-html/" local="131045019330000000" remote="131472573000000000" Dst="0" />
<file name="06.jpg" server="ftp.populerdunya.com/uncover-html/" local="131044982760000000" remote="131472573000000000" Dst="0" />
<file name="07.jpg" server="ftp.populerdunya.com/uncover-html/" local="131418854556378156" remote="131472573000000000" Dst="0" />
<file name="08.jpg" server="ftp.populerdunya.com/uncover-html/" local="131044970060000000" remote="131472573000000000" Dst="0" />
<file name="09.jpg" server="ftp.populerdunya.com/uncover-html/" local="131044975290000000" remote="131472573000000000" Dst="0" />
<file name="10.jpg" server="ftp.populerdunya.com/uncover-html/" local="130750401880000000" remote="131472573000000000" Dst="0" />
<file name="11.jpg" server="ftp.populerdunya.com/uncover-html/" local="131044139380000000" remote="131472573000000000" Dst="0" />
<file name="banner.jpg" server="ftp.populerdunya.com/uncover-html/" local="131266361680000000" remote="131541075000000000" Dst="0" />
<file name="p1.jpg" server="ftp.populerdunya.com/uncover-html/" local="130947007330000000" remote="131472573000000000" Dst="0" />
<file name="p2.jpg" server="ftp.populerdunya.com/uncover-html/" local="130947000390000000" remote="131472573000000000" Dst="0" />
<file name="p3.jpg" server="ftp.populerdunya.com/uncover-html/" local="130947007850000000" remote="131472573000000000" Dst="0" />
<file name="p4.jpg" server="ftp.populerdunya.com/uncover-html/" local="130947008150000000" remote="131472573000000000" Dst="0" />
<file name="p5.jpg" server="ftp.populerdunya.com/uncover-html/" local="130894765400000000" remote="131472573000000000" Dst="0" />
<file name="slide-01-big.jpg" server="ftp.populerdunya.com/uncover-html/" local="131045027810000000" remote="131472573000000000" Dst="0" />
<file name="slide-01.jpg" server="ftp.populerdunya.com/uncover-html/" local="131045026860000000" remote="131472573000000000" Dst="0" />
<file name="slide-02-big.jpg" server="ftp.populerdunya.com/uncover-html/" local="130749822520000000" remote="131472573000000000" Dst="0" />
<file name="slide-02.jpg" server="ftp.populerdunya.com/uncover-html/" local="130749613220000000" remote="131472573600000000" Dst="0" />
<file name="slide-03-big.jpg" server="ftp.populerdunya.com/uncover-html/" local="130749822870000000" remote="131472573600000000" Dst="0" />
<file name="slide-03.jpg" server="ftp.populerdunya.com/uncover-html/" local="130749613810000000" remote="131472573600000000" Dst="0" />
</dwsync>