<?xml version="1.0" encoding="utf-8" ?>
<dwsync>
<file name="application.js" server="ftp.populerdunya.com/photographer-html/" local="129955045790000000" remote="130973077200000000" Dst="1" />
<file name="bootstrap-affix.js" server="ftp.populerdunya.com/photographer-html/" local="129912542500000000" remote="130973077200000000" Dst="1" />
<file name="bootstrap-alert.js" server="ftp.populerdunya.com/photographer-html/" local="129912542500000000" remote="130973077200000000" Dst="1" />
<file name="bootstrap-button.js" server="ftp.populerdunya.com/photographer-html/" local="129912542500000000" remote="130973077200000000" Dst="1" />
<file name="bootstrap-carousel.js" server="ftp.populerdunya.com/photographer-html/" local="129912542500000000" remote="130973077200000000" Dst="1" />
<file name="bootstrap-collapse.js" server="ftp.populerdunya.com/photographer-html/" local="129912542500000000" remote="130973077200000000" Dst="1" />
<file name="bootstrap-dropdown.js" server="ftp.populerdunya.com/photographer-html/" local="129912542500000000" remote="130973077200000000" Dst="1" />
<file name="bootstrap-modal.js" server="ftp.populerdunya.com/photographer-html/" local="129912542500000000" remote="130973077200000000" Dst="1" />
<file name="bootstrap-popover.js" server="ftp.populerdunya.com/photographer-html/" local="129912542500000000" remote="130973077200000000" Dst="1" />
<file name="bootstrap-scrollspy.js" server="ftp.populerdunya.com/photographer-html/" local="129941662110000000" remote="130973077200000000" Dst="1" />
<file name="bootstrap-tab.js" server="ftp.populerdunya.com/photographer-html/" local="129912542500000000" remote="130973077200000000" Dst="1" />
<file name="bootstrap-tooltip.js" server="ftp.populerdunya.com/photographer-html/" local="129912542500000000" remote="130973077200000000" Dst="1" />
<file name="bootstrap-transition.js" server="ftp.populerdunya.com/photographer-html/" local="129912542500000000" remote="130973077200000000" Dst="1" />
<file name="bootstrap-typeahead.js" server="ftp.populerdunya.com/photographer-html/" local="129912542500000000" remote="130973077200000000" Dst="1" />
<file name="bootstrap.js" server="ftp.populerdunya.com/photographer-html/" local="129912542500000000" remote="130973077200000000" Dst="1" />
<file name="bootstrap.min.js" server="ftp.populerdunya.com/photographer-html/" local="129912542500000000" remote="130973077200000000" Dst="1" />
<file name="jquery.js" server="ftp.populerdunya.com/photographer-html/" local="129912542500000000" remote="130973077800000000" Dst="1" />
<file name="README.md" server="ftp.populerdunya.com/photographer-html/" local="129912542500000000" remote="130973077800000000" Dst="1" />
<file name="application.js" server="ftp.populerdunya.com/empathy-html/" local="129955045790000000" remote="131009469000000000" Dst="1" />
<file name="bootstrap-affix.js" server="ftp.populerdunya.com/empathy-html/" local="129912542500000000" remote="131009469000000000" Dst="1" />
<file name="bootstrap-alert.js" server="ftp.populerdunya.com/empathy-html/" local="129912542500000000" remote="131009469000000000" Dst="1" />
<file name="bootstrap-button.js" server="ftp.populerdunya.com/empathy-html/" local="129912542500000000" remote="131009469000000000" Dst="1" />
<file name="bootstrap-carousel.js" server="ftp.populerdunya.com/empathy-html/" local="129912542500000000" remote="131009469000000000" Dst="1" />
<file name="bootstrap-collapse.js" server="ftp.populerdunya.com/empathy-html/" local="129912542500000000" remote="131009469000000000" Dst="1" />
<file name="bootstrap-dropdown.js" server="ftp.populerdunya.com/empathy-html/" local="129912542500000000" remote="131009469000000000" Dst="1" />
<file name="bootstrap-modal.js" server="ftp.populerdunya.com/empathy-html/" local="129912542500000000" remote="131009469000000000" Dst="1" />
<file name="bootstrap-popover.js" server="ftp.populerdunya.com/empathy-html/" local="129912542500000000" remote="131009469000000000" Dst="1" />
<file name="bootstrap-scrollspy.js" server="ftp.populerdunya.com/empathy-html/" local="129941662110000000" remote="131009469000000000" Dst="1" />
<file name="bootstrap-tab.js" server="ftp.populerdunya.com/empathy-html/" local="129912542500000000" remote="131009469000000000" Dst="1" />
<file name="bootstrap-tooltip.js" server="ftp.populerdunya.com/empathy-html/" local="129912542500000000" remote="131009469000000000" Dst="1" />
<file name="bootstrap-transition.js" server="ftp.populerdunya.com/empathy-html/" local="129912542500000000" remote="131009469000000000" Dst="1" />
<file name="bootstrap-typeahead.js" server="ftp.populerdunya.com/empathy-html/" local="129912542500000000" remote="131009469000000000" Dst="1" />
<file name="bootstrap.js" server="ftp.populerdunya.com/empathy-html/" local="129912542500000000" remote="131009469000000000" Dst="1" />
<file name="bootstrap.min.js" server="ftp.populerdunya.com/empathy-html/" local="129912542500000000" remote="131009469000000000" Dst="1" />
<file name="jquery.js" server="ftp.populerdunya.com/empathy-html/" local="129912542500000000" remote="131009469600000000" Dst="1" />
<file name="README.md" server="ftp.populerdunya.com/empathy-html/" local="129912542500000000" remote="131009469600000000" Dst="1" />
<file name="application.js" server="ftp.populerdunya.com/ucard-html/" local="129955045790000000" remote="131060395200000000" Dst="2" />
<file name="bootstrap-affix.js" server="ftp.populerdunya.com/ucard-html/" local="129912542500000000" remote="131060395200000000" Dst="2" />
<file name="bootstrap-alert.js" server="ftp.populerdunya.com/ucard-html/" local="129912542500000000" remote="131060395200000000" Dst="2" />
<file name="bootstrap-button.js" server="ftp.populerdunya.com/ucard-html/" local="129912542500000000" remote="131060395200000000" Dst="2" />
<file name="bootstrap-carousel.js" server="ftp.populerdunya.com/ucard-html/" local="129912542500000000" remote="131060395200000000" Dst="2" />
<file name="bootstrap-collapse.js" server="ftp.populerdunya.com/ucard-html/" local="129912542500000000" remote="131060395200000000" Dst="2" />
<file name="bootstrap-dropdown.js" server="ftp.populerdunya.com/ucard-html/" local="129912542500000000" remote="131060395200000000" Dst="2" />
<file name="bootstrap-modal.js" server="ftp.populerdunya.com/ucard-html/" local="129912542500000000" remote="131060395200000000" Dst="2" />
<file name="bootstrap-popover.js" server="ftp.populerdunya.com/ucard-html/" local="129912542500000000" remote="131060395200000000" Dst="2" />
<file name="bootstrap-scrollspy.js" server="ftp.populerdunya.com/ucard-html/" local="129941662110000000" remote="131060395200000000" Dst="2" />
<file name="bootstrap-tab.js" server="ftp.populerdunya.com/ucard-html/" local="129912542500000000" remote="131060395200000000" Dst="2" />
<file name="bootstrap-tooltip.js" server="ftp.populerdunya.com/ucard-html/" local="129912542500000000" remote="131060395200000000" Dst="2" />
<file name="bootstrap-transition.js" server="ftp.populerdunya.com/ucard-html/" local="129912542500000000" remote="131060395200000000" Dst="2" />
<file name="bootstrap-typeahead.js" server="ftp.populerdunya.com/ucard-html/" local="129912542500000000" remote="131060395200000000" Dst="2" />
<file name="bootstrap.js" server="ftp.populerdunya.com/ucard-html/" local="129912542500000000" remote="131060395200000000" Dst="2" />
<file name="bootstrap.min.js" server="ftp.populerdunya.com/ucard-html/" local="129912542500000000" remote="131060395200000000" Dst="2" />
<file name="jquery.js" server="ftp.populerdunya.com/ucard-html/" local="129912542500000000" remote="131060395200000000" Dst="2" />
<file name="README.md" server="ftp.populerdunya.com/ucard-html/" local="129912542500000000" remote="131060395200000000" Dst="2" />
<file name="application.js" server="ftp.populerdunya.com/uncover-html/" local="129955045790000000" remote="131472572400000000" Dst="0" />
<file name="bootstrap-affix.js" server="ftp.populerdunya.com/uncover-html/" local="129912542500000000" remote="131472572400000000" Dst="0" />
<file name="bootstrap-alert.js" server="ftp.populerdunya.com/uncover-html/" local="129912542500000000" remote="131472572400000000" Dst="0" />
<file name="bootstrap-button.js" server="ftp.populerdunya.com/uncover-html/" local="129912542500000000" remote="131472572400000000" Dst="0" />
<file name="bootstrap-carousel.js" server="ftp.populerdunya.com/uncover-html/" local="129912542500000000" remote="131472572400000000" Dst="0" />
<file name="bootstrap-collapse.js" server="ftp.populerdunya.com/uncover-html/" local="129912542500000000" remote="131472572400000000" Dst="0" />
<file name="bootstrap-dropdown.js" server="ftp.populerdunya.com/uncover-html/" local="129912542500000000" remote="131472572400000000" Dst="0" />
<file name="bootstrap-modal.js" server="ftp.populerdunya.com/uncover-html/" local="129912542500000000" remote="131472572400000000" Dst="0" />
<file name="bootstrap-popover.js" server="ftp.populerdunya.com/uncover-html/" local="129912542500000000" remote="131472572400000000" Dst="0" />
<file name="bootstrap-scrollspy.js" server="ftp.populerdunya.com/uncover-html/" local="129941662110000000" remote="131472572400000000" Dst="0" />
<file name="bootstrap-tab.js" server="ftp.populerdunya.com/uncover-html/" local="129912542500000000" remote="131472572400000000" Dst="0" />
<file name="bootstrap-tooltip.js" server="ftp.populerdunya.com/uncover-html/" local="129912542500000000" remote="131472572400000000" Dst="0" />
<file name="bootstrap-transition.js" server="ftp.populerdunya.com/uncover-html/" local="129912542500000000" remote="131472572400000000" Dst="0" />
<file name="bootstrap-typeahead.js" server="ftp.populerdunya.com/uncover-html/" local="129912542500000000" remote="131472572400000000" Dst="0" />
<file name="bootstrap.js" server="ftp.populerdunya.com/uncover-html/" local="129912542500000000" remote="131472572400000000" Dst="0" />
<file name="bootstrap.min.js" server="ftp.populerdunya.com/uncover-html/" local="129912542500000000" remote="131472572400000000" Dst="0" />
<file name="jquery.js" server="ftp.populerdunya.com/uncover-html/" local="129912542500000000" remote="131472572400000000" Dst="0" />
<file name="README.md" server="ftp.populerdunya.com/uncover-html/" local="129912542500000000" remote="131472572400000000" Dst="0" />
</dwsync>