<?xml version="1.0" encoding="utf-8" ?>
<dwsync>
<file name="01.jpg" server="ftp.populerdunya.com/vector/" local="130766930290000000" remote="130776019200000000" Dst="2" />
<file name="02.jpg" server="ftp.populerdunya.com/vector/" local="130766930590000000" remote="130776019200000000" Dst="2" />
<file name="01.jpg" server="ftp.populerdunya.com/empathy-html/" local="130784044210000000" remote="130942955400000000" Dst="1" />
<file name="02.jpg" server="ftp.populerdunya.com/empathy-html/" local="130784044400000000" remote="130942955400000000" Dst="1" />
<file name="03.jpg" server="ftp.populerdunya.com/empathy-html/" local="130784045930000000" remote="130942955400000000" Dst="1" />
<file name="04.jpg" server="ftp.populerdunya.com/empathy-html/" local="130784046040000000" remote="130942955400000000" Dst="1" />
<file name="01.jpg" server="ftp.populerdunya.com/vcard-01/" local="130784044210000000" remote="131014851600000000" Dst="1" />
<file name="02.jpg" server="ftp.populerdunya.com/vcard-01/" local="130784044400000000" remote="131014851600000000" Dst="1" />
<file name="03.jpg" server="ftp.populerdunya.com/vcard-01/" local="131042514280000000" remote="131057983200000000" Dst="2" />
<file name="04.jpg" server="ftp.populerdunya.com/vcard-01/" local="131042514900000000" remote="131057983200000000" Dst="2" />
<file name="01.jpg" server="ftp.populerdunya.com/uncover-html/" local="131456302644863757" remote="131472574200000000" Dst="0" />
<file name="01.png" server="ftp.populerdunya.com/uncover-html/" local="131456270290093146" remote="131472574200000000" Dst="0" />
<file name="01z.jpg" server="ftp.populerdunya.com/uncover-html/" local="130784044210000000" remote="131472574200000000" Dst="0" />
<file name="02.jpg" server="ftp.populerdunya.com/uncover-html/" local="131456270747350153" remote="131472574200000000" Dst="0" />
<file name="02.png" server="ftp.populerdunya.com/uncover-html/" local="131456301909639912" remote="131472574200000000" Dst="0" />
<file name="02a.jpg" server="ftp.populerdunya.com/uncover-html/" local="130784044400000000" remote="131472574200000000" Dst="0" />
<file name="03.jpg" server="ftp.populerdunya.com/uncover-html/" local="131042514280000000" remote="131472574200000000" Dst="0" />
<file name="04.jpg" server="ftp.populerdunya.com/uncover-html/" local="131042514900000000" remote="131472574200000000" Dst="0" />
</dwsync>