<?xml version="1.0" encoding="utf-8" ?>
<dwsync>
<file name="prettify.css" server="ftp.populerdunya.com/photographer-html/" local="130359374360000000" remote="130973077200000000" Dst="1" />
<file name="prettify.js" server="ftp.populerdunya.com/photographer-html/" local="129912542500000000" remote="130973077200000000" Dst="1" />
<file name="prettify.css" server="ftp.populerdunya.com/empathy-html/" local="130359374360000000" remote="131009469000000000" Dst="1" />
<file name="prettify.js" server="ftp.populerdunya.com/empathy-html/" local="129912542500000000" remote="131009469000000000" Dst="1" />
<file name="prettify.css" server="ftp.populerdunya.com/ucard-html/" local="130359374360000000" remote="131060395200000000" Dst="2" />
<file name="prettify.js" server="ftp.populerdunya.com/ucard-html/" local="129912542500000000" remote="131060395200000000" Dst="2" />
<file name="prettify.css" server="ftp.populerdunya.com/uncover-html/" local="130359374360000000" remote="131472572400000000" Dst="0" />
<file name="prettify.js" server="ftp.populerdunya.com/uncover-html/" local="129912542500000000" remote="131472572400000000" Dst="0" />
</dwsync>