<?xml version="1.0" encoding="utf-8" ?>
<dwsync>
<file name="lightbox-01.jpg" server="ftp.populerdunya.com/read/" local="130018007466988774" remote="130017806400000000" Dst="1" />
<file name="lightbox-02.jpg" server="ftp.populerdunya.com/read/" local="130018009570489087" remote="130017806400000000" Dst="1" />
<file name="lightbox-03.jpg" server="ftp.populerdunya.com/read/" local="130018008363770067" remote="130017807000000000" Dst="1" />
<file name="lightbox-04.jpg" server="ftp.populerdunya.com/read/" local="130018014301629693" remote="130017807000000000" Dst="1" />
<file name="lightbox-01.jpg" server="ftp.populerdunya.com/bookcard/" local="130051734510000000" remote="130052315400000000" Dst="1" />
<file name="lightbox-02.jpg" server="ftp.populerdunya.com/bookcard/" local="130051739180000000" remote="130052315400000000" Dst="1" />
<file name="lightbox-03.jpg" server="ftp.populerdunya.com/bookcard/" local="130051745620000000" remote="130052315400000000" Dst="1" />
<file name="lightbox-04.jpg" server="ftp.populerdunya.com/bookcard/" local="130051735860000000" remote="130052315400000000" Dst="1" />
<file name="lightbox-01.jpg" server="ftp.populerdunya.com/newcard/" local="130346250960000000" remote="130355505600000000" Dst="1" />
<file name="lightbox-02.jpg" server="ftp.populerdunya.com/newcard/" local="130347798598304507" remote="130355505600000000" Dst="1" />
<file name="lightbox-03.jpg" server="ftp.populerdunya.com/newcard/" local="130347794537792259" remote="130355505600000000" Dst="1" />
<file name="lightbox-04.jpg" server="ftp.populerdunya.com/newcard/" local="130347801661389706" remote="130355505600000000" Dst="1" />
<file name="lightbox-01.jpg" server="ftp.populerdunya.com/vector/" local="130346250960000000" remote="130776918600000000" Dst="2" />
<file name="lightbox-02.jpg" server="ftp.populerdunya.com/vector/" local="130347798590000000" remote="130776918600000000" Dst="2" />
<file name="lightbox-03.jpg" server="ftp.populerdunya.com/vector/" local="130347794530000000" remote="130776918600000000" Dst="2" />
<file name="lightbox-04.jpg" server="ftp.populerdunya.com/vector/" local="130347801660000000" remote="130776918600000000" Dst="2" />
<file name="01.jpg" server="ftp.populerdunya.com/vector/" local="130752164870000000" remote="130776021600000000" Dst="2" />
<file name="02.jpg" server="ftp.populerdunya.com/vector/" local="130752167780000000" remote="130776021600000000" Dst="2" />
<file name="04.jpg" server="ftp.populerdunya.com/vector/" local="130752165650000000" remote="130776021600000000" Dst="2" />
<file name="03.jpg" server="ftp.populerdunya.com/vector/" local="130752165200000000" remote="130776019200000000" Dst="2" />
<file name="05.jpg" server="ftp.populerdunya.com/vector/" local="130752165910000000" remote="130776019200000000" Dst="2" />
<file name="06.jpg" server="ftp.populerdunya.com/vector/" local="130752166170000000" remote="130776019200000000" Dst="2" />
<file name="07.jpg" server="ftp.populerdunya.com/vector/" local="130752168300000000" remote="130776019200000000" Dst="2" />
<file name="08.jpg" server="ftp.populerdunya.com/vector/" local="130752168460000000" remote="130776019800000000" Dst="2" />
<file name="09.jpg" server="ftp.populerdunya.com/vector/" local="130752168710000000" remote="130776019800000000" Dst="2" />
<file name="01.jpg" server="ftp.populerdunya.com/empathy-html/" local="130808707130069599" remote="130942955400000000" Dst="1" />
<file name="02.jpg" server="ftp.populerdunya.com/empathy-html/" local="130808708016848215" remote="130942955400000000" Dst="1" />
<file name="03.jpg" server="ftp.populerdunya.com/empathy-html/" local="130808707649403780" remote="130942955400000000" Dst="1" />
<file name="04.jpg" server="ftp.populerdunya.com/empathy-html/" local="130808708097498177" remote="130942955400000000" Dst="1" />
<file name="05.jpg" server="ftp.populerdunya.com/empathy-html/" local="130808707487410763" remote="130942955400000000" Dst="1" />
<file name="06.jpg" server="ftp.populerdunya.com/empathy-html/" local="130808708176901452" remote="130942955400000000" Dst="1" />
<file name="07.jpg" server="ftp.populerdunya.com/empathy-html/" local="130808708246191400" remote="130942955400000000" Dst="1" />
<file name="08.jpg" server="ftp.populerdunya.com/empathy-html/" local="130808708318036920" remote="130942955400000000" Dst="1" />
<file name="09.jpg" server="ftp.populerdunya.com/empathy-html/" local="130784040830000000" remote="130942955400000000" Dst="1" />
<file name="lightbox-01.jpg" server="ftp.populerdunya.com/empathy-html/" local="130784032580000000" remote="130942955400000000" Dst="1" />
<file name="lightbox-02.jpg" server="ftp.populerdunya.com/empathy-html/" local="130784032950000000" remote="130942955400000000" Dst="1" />
<file name="lightbox-03.jpg" server="ftp.populerdunya.com/empathy-html/" local="130784033060000000" remote="130942955400000000" Dst="1" />
<file name="01.jpg" server="ftp.populerdunya.com/vcard-01/" local="131039137140000000" remote="131057983200000000" Dst="2" />
<file name="02.jpg" server="ftp.populerdunya.com/vcard-01/" local="131038978100000000" remote="131057983200000000" Dst="2" />
<file name="03.jpg" server="ftp.populerdunya.com/vcard-01/" local="131039045410000000" remote="131057983200000000" Dst="2" />
<file name="04.jpg" server="ftp.populerdunya.com/vcard-01/" local="131039058970000000" remote="131057983200000000" Dst="2" />
<file name="05.jpg" server="ftp.populerdunya.com/vcard-01/" local="131039055630000000" remote="131057983200000000" Dst="2" />
<file name="06.jpg" server="ftp.populerdunya.com/vcard-01/" local="131039049740000000" remote="131057983200000000" Dst="2" />
<file name="07.jpg" server="ftp.populerdunya.com/vcard-01/" local="131039071300000000" remote="131057983200000000" Dst="2" />
<file name="08.jpg" server="ftp.populerdunya.com/vcard-01/" local="131039130240000000" remote="131057983200000000" Dst="2" />
<file name="09.jpg" server="ftp.populerdunya.com/vcard-01/" local="130784040830000000" remote="131014851600000000" Dst="1" />
<file name="lightbox-01.jpg" server="ftp.populerdunya.com/vcard-01/" local="130784032580000000" remote="131014852200000000" Dst="1" />
<file name="lightbox-02.jpg" server="ftp.populerdunya.com/vcard-01/" local="130784032950000000" remote="131014852200000000" Dst="1" />
<file name="lightbox-03.jpg" server="ftp.populerdunya.com/vcard-01/" local="130784033060000000" remote="131014852200000000" Dst="1" />
<file name="lightbox-04.jpg" server="ftp.populerdunya.com/vcard-01/" local="130347801660000000" remote="131014852200000000" Dst="1" />
<file name="01.jpg" server="ftp.populerdunya.com/uncover-html/" local="131039137140000000" remote="131472574200000000" Dst="0" />
<file name="02.jpg" server="ftp.populerdunya.com/uncover-html/" local="131038978100000000" remote="131472574200000000" Dst="0" />
<file name="03.jpg" server="ftp.populerdunya.com/uncover-html/" local="131039045410000000" remote="131472574200000000" Dst="0" />
<file name="04.jpg" server="ftp.populerdunya.com/uncover-html/" local="131039058970000000" remote="131472574200000000" Dst="0" />
<file name="05.jpg" server="ftp.populerdunya.com/uncover-html/" local="131039055630000000" remote="131472574800000000" Dst="0" />
<file name="06.jpg" server="ftp.populerdunya.com/uncover-html/" local="131039049740000000" remote="131472574800000000" Dst="0" />
<file name="07.jpg" server="ftp.populerdunya.com/uncover-html/" local="131039071300000000" remote="131472574800000000" Dst="0" />
<file name="08.jpg" server="ftp.populerdunya.com/uncover-html/" local="131039130240000000" remote="131472574800000000" Dst="0" />
<file name="09.jpg" server="ftp.populerdunya.com/uncover-html/" local="130784040830000000" remote="131472574800000000" Dst="0" />
<file name="lightbox-01.jpg" server="ftp.populerdunya.com/uncover-html/" local="130784032580000000" remote="131472574800000000" Dst="0" />
<file name="lightbox-02.jpg" server="ftp.populerdunya.com/uncover-html/" local="130784032950000000" remote="131472574800000000" Dst="0" />
<file name="lightbox-03.jpg" server="ftp.populerdunya.com/uncover-html/" local="130784033060000000" remote="131472574800000000" Dst="0" />
<file name="lightbox-04.jpg" server="ftp.populerdunya.com/uncover-html/" local="130347801660000000" remote="131472574800000000" Dst="0" />
</dwsync>