<?xml version="1.0" encoding="utf-8" ?>
<dwsync>
<file name="home.jpg" server="ftp.populerdunya.com/ucard-html/" local="131066597140000000" remote="131066274000000000" Dst="2" />
<file name="cover.jpg" server="ftp.populerdunya.com/uncover-html/" local="131478809410822268" remote="131478538800000000" Dst="0" />
<file name="cover2.jpg" server="ftp.populerdunya.com/uncover-html/" local="131478844185313361" remote="131478557400000000" Dst="0" />
<file name="home.jpg" server="ftp.populerdunya.com/uncover-html/" local="131538085440873287" remote="131541075600000000" Dst="0" />
<file name="cover-big.jpg" server="ftp.populerdunya.com/uncover-html/" local="131423964370000000" remote="131478538800000000" Dst="0" />
<file name="cover2-big.jpg" server="ftp.populerdunya.com/uncover-html/" local="131423724056394340" remote="131478557400000000" Dst="0" />
<file name="cover3-big.jpg" server="ftp.populerdunya.com/uncover-html/" local="131478893357798179" remote="131480253600000000" Dst="0" />
<file name="cover3.jpg" server="ftp.populerdunya.com/uncover-html/" local="131479685642498323" remote="131480253600000000" Dst="0" />
<file name="cover4-big.jpg" server="ftp.populerdunya.com/uncover-html/" local="131538654506586967" remote="131541075000000000" Dst="0" />
<file name="cover4.jpg" server="ftp.populerdunya.com/uncover-html/" local="131538654275045989" remote="131541075000000000" Dst="0" />
<file name="cover5-big.jpg" server="ftp.populerdunya.com/uncover-html/" local="131539512850747913" remote="131541075000000000" Dst="0" />
<file name="cover5-bigXX.jpg" server="ftp.populerdunya.com/uncover-html/" local="131535863586668144" remote="131541075000000000" Dst="0" />
<file name="cover5-bigxxx.jpg" server="ftp.populerdunya.com/uncover-html/" local="131538671565112944" remote="131541075000000000" Dst="0" />
<file name="cover5.jpg" server="ftp.populerdunya.com/uncover-html/" local="131535864018129759" remote="131541075000000000" Dst="0" />
<file name="cover5xxx.jpg" server="ftp.populerdunya.com/uncover-html/" local="131538671774777910" remote="131541075000000000" Dst="0" />
<file name="cover6-big.jpg" server="ftp.populerdunya.com/uncover-html/" local="131538107940673882" remote="131541075000000000" Dst="0" />
<file name="cover6.jpg" server="ftp.populerdunya.com/uncover-html/" local="131538108295583331" remote="131541075000000000" Dst="0" />
<file name="cover7-big.jpg" server="ftp.populerdunya.com/uncover-html/" local="131538782588704145" remote="131541075000000000" Dst="0" />
<file name="cover7.jpg" server="ftp.populerdunya.com/uncover-html/" local="131538783144099463" remote="131541075000000000" Dst="0" />
<file name="cover8-big.jpg" server="ftp.populerdunya.com/uncover-html/" local="131539381842610493" remote="131541075600000000" Dst="0" />
<file name="cover8.jpg" server="ftp.populerdunya.com/uncover-html/" local="131539381981748590" remote="131541075600000000" Dst="0" />
</dwsync>