<?xml version="1.0" encoding="utf-8" ?>
<dwsync>
<file name="768.css" server="ftp.populerdunya.com/vcard-01/" local="131058247060554215" remote="131057982000000000" Dst="2" />
<file name="main.css" server="ftp.populerdunya.com/vcard-01/" local="131060644687182977" remote="131060320800000000" Dst="2" />
<file name="768.css" server="ftp.populerdunya.com/ucard-html/" local="131060705595935446" remote="131060394600000000" Dst="2" />
<file name="align.css" server="ftp.populerdunya.com/ucard-html/" local="131060706278725479" remote="131060394600000000" Dst="2" />
<file name="main.css" server="ftp.populerdunya.com/ucard-html/" local="131066596825632532" remote="131066274000000000" Dst="2" />
<file name="768.css" server="ftp.populerdunya.com/uncover-html/" local="131587019053072397" remote="131586697800000000" Dst="0" />
<file name="align.css" server="ftp.populerdunya.com/uncover-html/" local="131431206949924989" remote="131472571800000000" Dst="0" />
<file name="demo2.css" server="ftp.populerdunya.com/uncover-html/" local="131539581962050757" remote="131541075000000000" Dst="0" />
<file name="layout.css" server="ftp.populerdunya.com/uncover-html/" local="131587190436644507" remote="131586891000000000" Dst="0" />
<file name="main.css" server="ftp.populerdunya.com/uncover-html/" local="131592095338595593" remote="131591771400000000" Dst="0" />
<file name="demo3.css" server="ftp.populerdunya.com/uncover-html/" local="131538096718124017" remote="131541075000000000" Dst="0" />
<file name="demo4.css" server="ftp.populerdunya.com/uncover-html/" local="131538666010000000" remote="131541075000000000" Dst="0" />
<file name="demo5.css" server="ftp.populerdunya.com/uncover-html/" local="131538680370891233" remote="131541075000000000" Dst="0" />
<file name="demo6.css" server="ftp.populerdunya.com/uncover-html/" local="131538682995681877" remote="131541075000000000" Dst="0" />
<file name="demo7.css" server="ftp.populerdunya.com/uncover-html/" local="131538805690635318" remote="131541075000000000" Dst="0" />
<file name="demo8.css" server="ftp.populerdunya.com/uncover-html/" local="131539578761851401" remote="131541075000000000" Dst="0" />
</dwsync>